accuracy;context;datetaken;datetakengranularity;datetakenunknown;description;farm;geo_is_contact;geo_is_family;geo_is_friend;geo_is_public;height_c;id;isfamily;isfriend;ispublic;latitude;license;longitude;owner;ownername;place_id;secret;server;species_word;tags;title;url_c;width_c;woeid
0;0;2018-12-27 15:08:59;0;0;b'';8;;;;;534;32637877248;0;0;1;0.0;0;0.0;129464952@N05;Romain Bourriez;;0108beeb50;7888;Cygnus columbianus;b'';b'Cygne de Bewick';https://farm8.staticflickr.com/7888/32637877248_0108beeb50_c.jpg;800;
0;0;2018-12-22 12:30:42;0;0;b'Loire (France)';8;;;;;533;32574015948;0;0;1;0.0;0;0.0;140908377@N07;Jean Rivoire;;39bc2fd101;7835;Cygnus columbianus;b'';b'Cygne de Bewick - Cygnus columbanius bewickii';https://farm8.staticflickr.com/7835/32574015948_39bc2fd101_c.jpg;800;
0;0;2018-12-22 12:37:33;0;0;b'Loire (France)';5;;;;;534;32574015718;0;0;1;0.0;0;0.0;140908377@N07;Jean Rivoire;;90d26cab00;4833;Cygnus columbianus;b'';b'Cygne de Bewick - Cygnus columbanius bewickii';https://farm5.staticflickr.com/4833/32574015718_90d26cab00_c.jpg;800;
0;0;2018-12-22 12:34:20;0;0;b'Loire (France)';5;;;;;534;44629498320;0;0;1;0.0;0;0.0;140908377@N07;Jean Rivoire;;3b9364e0b5;4897;Cygnus columbianus;b'';b'Cygne de Bewick - Cygnus columbanius bewickii';https://farm5.staticflickr.com/4897/44629498320_3b9364e0b5_c.jpg;800;
0;0;2018-12-22 12:37:39;0;0;b'Loire (France)';8;;;;;533;44629497870;0;0;1;0.0;0;0.0;140908377@N07;Jean Rivoire;;b50ea2b349;7902;Cygnus columbianus;b'';b'Cygne de Bewick - Cygnus columbanius bewickii';https://farm8.staticflickr.com/7902/44629497870_b50ea2b349_c.jpg;800;
0;0;2018-12-22 13:10:11;0;0;b'Loire (France)';8;;;;;534;44629497520;0;0;1;0.0;0;0.0;140908377@N07;Jean Rivoire;;111ed48efa;7853;Cygnus columbianus;b'';b'Cygne de Bewick - Cygnus columbanius bewickii';https://farm8.staticflickr.com/7853/44629497520_111ed48efa_c.jpg;800;
0;0;2018-12-20 16:02:01;0;0;b'';5;;;;;800;46348709472;0;0;1;0.0;0;0.0;156523381@N05;pierre.pruvot2;;83c468732a;4810;Cygnus columbianus;b'anatid\xc3\xa9s canards cygne ducks swan france pasdecalais r\xc3\xa9servenaturelle platierdoye gx80 eau \xc3\xa9tang';b'Cygne de Bewick et canards sifleurs';https://farm5.staticflickr.com/4810/46348709472_83c468732a_c.jpg;800;
0;0;2018-12-20 15:56:21;0;0;"b""En hivernage au platier d'Oye (Pas-de-Calais)""";5;;;;;800;46346131512;0;0;1;0.0;0;0.0;156523381@N05;pierre.pruvot2;;a8591af974;4901;Cygnus columbianus;b'anatid\xc3\xa9s cygne france pasdecalais platierdoye r\xc3\xa9servenaturelle migrateur gx80 lumix';b'Cygne de Bewick (cygnus columbianus)';https://farm5.staticflickr.com/4901/46346131512_a8591af974_c.jpg;600;
0;0;2018-12-13 14:52:03;0;0;b'Etang de la Horre, Marne';5;;;;;533;46312026841;0;0;1;0.0;0;0.0;158099503@N02;daniel5451;;712f7a3f2e;4842;Cygnus columbianus;b'bewick oiseaux faune';b'Cygne de Bewick';https://farm5.staticflickr.com/4842/46312026841_712f7a3f2e_c.jpg;800;
0;0;2018-12-13 15:01:12;0;0;b'Etang de la Horre, Marne';5;;;;;800;44495278120;0;0;1;0.0;0;0.0;158099503@N02;daniel5451;;02c180202c;4841;Cygnus columbianus;b'bewick oiseaux faune';b'Cygne de Bewick';https://farm5.staticflickr.com/4841/44495278120_02c180202c_c.jpg;534;
0;0;2007-11-30 18:04:16;0;0;b'                               ';5;;;;;640;45289254335;0;0;1;0.0;0;0.0;140629483@N04;michelmifsud;;cdb9a58006;4863;Cygnus columbianus;b'';b'2007 cygne de bewick 1 c_resultat';https://farm5.staticflickr.com/4863/45289254335_cdb9a58006_c.jpg;800;
0;0;2018-12-03 09:54:14;0;0;b'';5;;;;;534;44342643840;0;0;1;0.0;0;0.0;124867127@N06;lophiephotographie;;8c8fb2ae28;4842;Cygnus columbianus;b'';b'CYGNE DE BEWICK adulte et juv\xc3\xa9nile tr\xc3\xa9s rare dans le puy de dome';https://farm5.staticflickr.com/4842/44342643840_8c8fb2ae28_c.jpg;800;
0;0;2018-12-03 10:06:10;0;0;b'';5;;;;;534;45247213985;0;0;1;0.0;0;0.0;124867127@N06;lophiephotographie;;6bb1862e94;4902;Cygnus columbianus;b'';b'CYGNE DE BEWICK  tr\xc3\xa9s rare dans le puy de dome';https://farm5.staticflickr.com/4902/45247213985_6bb1862e94_c.jpg;800;
16;0;2014-12-29 10:08:13;0;0;b'Zoo Wuppertal';5;0.0;0.0;0.0;1.0;534;46072487351;0;0;1;51.241033;0;7.1097449999999975;123597211@N03;Tom's Fotokiste (thanks vor over 12 Mio. views);UxbYDZdTVLKFLAUjjw;a511f29190;4848;Cygnus columbianus;b'1830 asien cisnechico cygnedebewick cygnusbewickii entenv\xc3\xb6gel europa g\xc3\xa4nse g\xc3\xa4nsev\xc3\xb6gel kleinezwaan schw\xc3\xa4ne tundraswan v\xc3\xb6gel williamyarrell zoowuppertal zwergschwan';b'Zwergschwan (Lat. Cygnus bewickii)';https://farm5.staticflickr.com/4848/46072487351_a511f29190_c.jpg;800;26823379.0
16;0;2014-12-29 10:08:10;0;0;b'Zoo Wuppertal';5;0.0;0.0;0.0;1.0;534;46072483721;0;0;1;51.241033;0;7.1097449999999975;123597211@N03;Tom's Fotokiste (thanks vor over 12 Mio. views);UxbYDZdTVLKFLAUjjw;60c7abccfc;4842;Cygnus columbianus;b'1830 asien cisnechico cygnedebewick cygnusbewickii entenv\xc3\xb6gel europa g\xc3\xa4nse g\xc3\xa4nsev\xc3\xb6gel kleinezwaan schw\xc3\xa4ne tundraswan v\xc3\xb6gel williamyarrell zoowuppertal zwergschwan';b'Zwergschwan (Lat. Cygnus bewickii)';https://farm5.staticflickr.com/4842/46072483721_60c7abccfc_c.jpg;800;26823379.0
16;0;2014-12-29 10:07:05;0;0;b'Zoo Wuppertal';5;0.0;0.0;0.0;1.0;534;45348376224;0;0;1;51.241033;0;7.1097449999999975;123597211@N03;Tom's Fotokiste (thanks vor over 12 Mio. views);UxbYDZdTVLKFLAUjjw;fd5b78a619;4897;Cygnus columbianus;b'1830 asien cisnechico cygnedebewick cygnusbewickii entenv\xc3\xb6gel europa g\xc3\xa4nse g\xc3\xa4nsev\xc3\xb6gel kleinezwaan schw\xc3\xa4ne tundraswan v\xc3\xb6gel williamyarrell zoowuppertal zwergschwan';b'Zwergschwan (Lat. Cygnus bewickii)';https://farm5.staticflickr.com/4897/45348376224_fd5b78a619_c.jpg;800;26823379.0
16;0;2014-12-29 10:06:27;0;0;b'Zoo Wuppertal';5;0.0;0.0;0.0;1.0;534;45160894945;0;0;1;51.241033;0;7.1097449999999975;123597211@N03;Tom's Fotokiste (thanks vor over 12 Mio. views);UxbYDZdTVLKFLAUjjw;5d03febe5d;4818;Cygnus columbianus;b'1830 asien cisnechico cygnedebewick cygnusbewickii entenv\xc3\xb6gel europa g\xc3\xa4nse g\xc3\xa4nsev\xc3\xb6gel kleinezwaan schw\xc3\xa4ne tundraswan v\xc3\xb6gel williamyarrell zoowuppertal zwergschwan';b'Zwergschwan (Lat. Cygnus bewickii)';https://farm5.staticflickr.com/4818/45160894945_5d03febe5d_c.jpg;800;26823379.0
16;0;2014-12-29 10:06:18;0;0;b'Zoo Wuppertal';5;0.0;0.0;0.0;1.0;534;45160890015;0;0;1;51.241033;0;7.1097449999999975;123597211@N03;Tom's Fotokiste (thanks vor over 12 Mio. views);UxbYDZdTVLKFLAUjjw;131e5d0826;4915;Cygnus columbianus;b'1830 asien cisnechico cygnedebewick cygnusbewickii entenv\xc3\xb6gel europa g\xc3\xa4nse g\xc3\xa4nsev\xc3\xb6gel kleinezwaan schw\xc3\xa4ne tundraswan v\xc3\xb6gel williamyarrell zoowuppertal zwergschwan';b'Zwergschwan (Lat. Cygnus bewickii)';https://farm5.staticflickr.com/4915/45160890015_131e5d0826_c.jpg;800;26823379.0
16;0;2014-12-29 10:06:17;0;0;b'Zoo Wuppertal';5;0.0;0.0;0.0;1.0;534;45160885265;0;0;1;51.241033;0;7.1097449999999975;123597211@N03;Tom's Fotokiste (thanks vor over 12 Mio. views);UxbYDZdTVLKFLAUjjw;5f421fa1e3;4810;Cygnus columbianus;b'1830 asien cisnechico cygnedebewick cygnusbewickii entenv\xc3\xb6gel europa g\xc3\xa4nse g\xc3\xa4nsev\xc3\xb6gel kleinezwaan schw\xc3\xa4ne tundraswan v\xc3\xb6gel williamyarrell zoowuppertal zwergschwan';b'Zwergschwan (Lat. Cygnus bewickii)';https://farm5.staticflickr.com/4810/45160885265_5f421fa1e3_c.jpg;800;26823379.0
16;0;2014-12-29 10:05:55;0;0;b'Zoo Wuppertal';5;0.0;0.0;0.0;1.0;534;44256612440;0;0;1;51.241033;0;7.1097449999999975;123597211@N03;Tom's Fotokiste (thanks vor over 12 Mio. views);UxbYDZdTVLKFLAUjjw;05bd1c6530;4900;Cygnus columbianus;b'1830 asien cisnechico cygnedebewick cygnusbewickii entenv\xc3\xb6gel europa g\xc3\xa4nse g\xc3\xa4nsev\xc3\xb6gel kleinezwaan schw\xc3\xa4ne tundraswan v\xc3\xb6gel williamyarrell zoowuppertal zwergschwan';b'Zwergschwan (Lat. Cygnus bewickii)';https://farm5.staticflickr.com/4900/44256612440_05bd1c6530_c.jpg;800;26823379.0
16;0;2014-12-29 10:05:54;0;0;b'Zoo Wuppertal';5;0.0;0.0;0.0;1.0;534;44256609610;0;0;1;51.241033;0;7.1097449999999975;123597211@N03;Tom's Fotokiste (thanks vor over 12 Mio. views);UxbYDZdTVLKFLAUjjw;63127d670a;4918;Cygnus columbianus;b'1830 asien cisnechico cygnedebewick cygnusbewickii entenv\xc3\xb6gel europa g\xc3\xa4nse g\xc3\xa4nsev\xc3\xb6gel kleinezwaan schw\xc3\xa4ne tundraswan v\xc3\xb6gel williamyarrell zoowuppertal zwergschwan';b'Zwergschwan (Lat. Cygnus bewickii)';https://farm5.staticflickr.com/4918/44256609610_63127d670a_c.jpg;800;26823379.0
16;0;2014-12-29 10:05:45;0;0;b'Zoo Wuppertal';5;0.0;0.0;0.0;1.0;534;44256606540;0;0;1;51.241033;0;7.1097449999999975;123597211@N03;Tom's Fotokiste (thanks vor over 12 Mio. views);UxbYDZdTVLKFLAUjjw;6618d49792;4900;Cygnus columbianus;b'1830 asien cisnechico cygnedebewick cygnusbewickii entenv\xc3\xb6gel europa g\xc3\xa4nse g\xc3\xa4nsev\xc3\xb6gel kleinezwaan schw\xc3\xa4ne tundraswan v\xc3\xb6gel williamyarrell zoowuppertal zwergschwan';b'Zwergschwan (Lat. Cygnus bewickii)';https://farm5.staticflickr.com/4900/44256606540_6618d49792_c.jpg;800;26823379.0
16;0;2014-12-29 10:05:43;0;0;b'Zoo Wuppertal';5;0.0;0.0;0.0;1.0;534;44256604190;0;0;1;51.241033;0;7.1097449999999975;123597211@N03;Tom's Fotokiste (thanks vor over 12 Mio. views);UxbYDZdTVLKFLAUjjw;d0f12f2f27;4891;Cygnus columbianus;b'1830 asien cisnechico cygnedebewick cygnusbewickii entenv\xc3\xb6gel europa g\xc3\xa4nse g\xc3\xa4nsev\xc3\xb6gel kleinezwaan schw\xc3\xa4ne tundraswan v\xc3\xb6gel williamyarrell zoowuppertal zwergschwan';b'Zwergschwan (Lat. Cygnus bewickii)';https://farm5.staticflickr.com/4891/44256604190_d0f12f2f27_c.jpg;800;26823379.0
0;0;2018-11-17 15:29:52;0;0;b'Cygne de Bewick - Tundra Swan';5;;;;;534;45875991322;0;0;1;0.0;0;0.0;133004628@N05;bboozoo;;ce8718a5e4;4814;Cygnus columbianus;b'oiseau bird nature animal wildlife cygnedebewick tundraswan lac lake canon6d tamron150600 eau water';b'Seul - Alone';https://farm5.staticflickr.com/4814/45875991322_ce8718a5e4_c.jpg;800;
16;0;2017-10-15 13:49:11;0;0;b'GaiaZOO Kerkrade';2;0.0;0.0;0.0;1.0;534;44624620931;0;0;1;50.868808;0;6.046863;123597211@N03;Tom's Fotokiste (thanks vor over 12 Mio. views);NmTHC4VWULPoPqE;d7a47afc4a;1888;Cygnus columbianus;b'1830 asien cisnechico cygnedebewick cygnusbewickii entenv\xc3\xb6gel europa gaiazookerkrade g\xc3\xa4nse g\xc3\xa4nsev\xc3\xb6gel kleinezwaan schw\xc3\xa4ne tundraswan v\xc3\xb6gel williamyarrell zwergschwan';b'Zwergschwan (Cygnus bewickii)';https://farm2.staticflickr.com/1888/44624620931_d7a47afc4a_c.jpg;800;729691.0
16;0;2017-10-15 13:34:36;0;0;b'GaiaZOO Kerkrade';2;0.0;0.0;0.0;1.0;534;42813856240;0;0;1;50.868808;0;6.046863;123597211@N03;Tom's Fotokiste (thanks vor over 12 Mio. views);NmTHC4VWULPoPqE;cbf997c53f;1873;Cygnus columbianus;b'1830 asien cisnechico cygnedebewick cygnusbewickii entenv\xc3\xb6gel europa gaiazookerkrade g\xc3\xa4nse g\xc3\xa4nsev\xc3\xb6gel kleinezwaan schw\xc3\xa4ne tundraswan v\xc3\xb6gel williamyarrell zwergschwan';b'Zwergschwan (Cygnus bewickii)';https://farm2.staticflickr.com/1873/42813856240_cbf997c53f_c.jpg;800;729691.0
16;0;2017-10-15 13:34:36;0;0;b'GaiaZOO Kerkrade';2;0.0;0.0;0.0;1.0;534;42813850780;0;0;1;50.868808;0;6.046863;123597211@N03;Tom's Fotokiste (thanks vor over 12 Mio. views);NmTHC4VWULPoPqE;15ba28d5e9;1888;Cygnus columbianus;b'1830 asien cisnechico cygnedebewick cygnusbewickii entenv\xc3\xb6gel europa gaiazookerkrade g\xc3\xa4nse g\xc3\xa4nsev\xc3\xb6gel kleinezwaan schw\xc3\xa4ne tundraswan v\xc3\xb6gel williamyarrell zwergschwan';b'Zwergschwan (Cygnus bewickii)';https://farm2.staticflickr.com/1888/42813850780_15ba28d5e9_c.jpg;800;729691.0
16;0;2017-10-15 13:34:36;0;0;b'GaiaZOO Kerkrade';2;0.0;0.0;0.0;1.0;534;43714796325;0;0;1;50.868808;0;6.046863;123597211@N03;Tom's Fotokiste (thanks vor over 12 Mio. views);NmTHC4VWULPoPqE;52b97f18a6;1876;Cygnus columbianus;b'1830 asien cisnechico cygnedebewick cygnusbewickii entenv\xc3\xb6gel europa gaiazookerkrade g\xc3\xa4nse g\xc3\xa4nsev\xc3\xb6gel kleinezwaan schw\xc3\xa4ne tundraswan v\xc3\xb6gel williamyarrell zwergschwan';b'Zwergschwan (Cygnus bewickii)';https://farm2.staticflickr.com/1876/43714796325_52b97f18a6_c.jpg;800;729691.0
16;0;2017-10-15 13:34:33;0;0;b'GaiaZOO Kerkrade';2;0.0;0.0;0.0;1.0;534;43714795115;0;0;1;50.868808;0;6.046863;123597211@N03;Tom's Fotokiste (thanks vor over 12 Mio. views);NmTHC4VWULPoPqE;0fe5f21a81;1900;Cygnus columbianus;b'1830 asien cisnechico cygnedebewick cygnusbewickii entenv\xc3\xb6gel europa gaiazookerkrade g\xc3\xa4nse g\xc3\xa4nsev\xc3\xb6gel kleinezwaan schw\xc3\xa4ne tundraswan v\xc3\xb6gel williamyarrell zwergschwan';b'Zwergschwan (Cygnus bewickii)';https://farm2.staticflickr.com/1900/43714795115_0fe5f21a81_c.jpg;800;729691.0
16;0;2017-10-15 13:34:32;0;0;b'GaiaZOO Kerkrade';2;0.0;0.0;0.0;1.0;534;42813829340;0;0;1;50.868808;0;6.046863;123597211@N03;Tom's Fotokiste (thanks vor over 12 Mio. views);NmTHC4VWULPoPqE;a6ae841438;1854;Cygnus columbianus;b'1830 asien cisnechico cygnedebewick cygnusbewickii entenv\xc3\xb6gel europa gaiazookerkrade g\xc3\xa4nse g\xc3\xa4nsev\xc3\xb6gel kleinezwaan schw\xc3\xa4ne tundraswan v\xc3\xb6gel williamyarrell zwergschwan';b'Zwergschwan (Cygnus bewickii)';https://farm2.staticflickr.com/1854/42813829340_a6ae841438_c.jpg;800;729691.0
16;0;2017-10-15 13:34:32;0;0;b'GaiaZOO Kerkrade';2;0.0;0.0;0.0;1.0;534;42813822920;0;0;1;50.868808;0;6.046863;123597211@N03;Tom's Fotokiste (thanks vor over 12 Mio. views);NmTHC4VWULPoPqE;2ba1da62c8;1878;Cygnus columbianus;b'1830 asien cisnechico cygnedebewick cygnusbewickii entenv\xc3\xb6gel europa gaiazookerkrade g\xc3\xa4nse g\xc3\xa4nsev\xc3\xb6gel kleinezwaan schw\xc3\xa4ne tundraswan v\xc3\xb6gel williamyarrell zwergschwan';b'Zwergschwan (Cygnus bewickii)';https://farm2.staticflickr.com/1878/42813822920_2ba1da62c8_c.jpg;800;729691.0
16;0;2017-10-15 13:34:32;0;0;b'GaiaZOO Kerkrade';2;0.0;0.0;0.0;1.0;534;42813820190;0;0;1;50.868808;0;6.046863;123597211@N03;Tom's Fotokiste (thanks vor over 12 Mio. views);NmTHC4VWULPoPqE;e4fd3e78c6;1846;Cygnus columbianus;b'1830 asien cisnechico cygnedebewick cygnusbewickii entenv\xc3\xb6gel europa gaiazookerkrade g\xc3\xa4nse g\xc3\xa4nsev\xc3\xb6gel kleinezwaan schw\xc3\xa4ne tundraswan v\xc3\xb6gel williamyarrell zwergschwan';b'Zwergschwan (Cygnus bewickii)';https://farm2.staticflickr.com/1846/42813820190_e4fd3e78c6_c.jpg;800;729691.0
16;0;2017-01-15 12:12:41;0;0;b'GaiaZOO Kerkrade';2;0.0;0.0;0.0;1.0;800;44624603461;0;0;1;50.868808;0;6.046863;123597211@N03;Tom's Fotokiste (thanks vor over 12 Mio. views);NmTHC4VWULPoPqE;5390b385c2;1875;Cygnus columbianus;b'1830 asien cisnechico cygnedebewick cygnusbewickii entenv\xc3\xb6gel europa gaiazookerkrade g\xc3\xa4nse g\xc3\xa4nsev\xc3\xb6gel kleinezwaan schw\xc3\xa4ne tundraswan v\xc3\xb6gel williamyarrell zwergschwan';b'Zwergschwan (Cygnus bewickii)';https://farm2.staticflickr.com/1875/44624603461_5390b385c2_c.jpg;534;729691.0
16;0;2017-01-15 12:12:41;0;0;b'GaiaZOO Kerkrade';2;0.0;0.0;0.0;1.0;800;44624600961;0;0;1;50.868808;0;6.046863;123597211@N03;Tom's Fotokiste (thanks vor over 12 Mio. views);NmTHC4VWULPoPqE;b4de913035;1878;Cygnus columbianus;b'1830 asien cisnechico cygnedebewick cygnusbewickii entenv\xc3\xb6gel europa gaiazookerkrade g\xc3\xa4nse g\xc3\xa4nsev\xc3\xb6gel kleinezwaan schw\xc3\xa4ne tundraswan v\xc3\xb6gel williamyarrell zwergschwan';b'Zwergschwan (Cygnus bewickii)';https://farm2.staticflickr.com/1878/44624600961_b4de913035_c.jpg;534;729691.0
16;0;2016-10-22 11:25:03;0;0;b'GaiaZOO Kerkrade';2;0.0;0.0;0.0;1.0;534;30753992748;0;0;1;50.868808;0;6.046863;123597211@N03;Tom's Fotokiste (thanks vor over 12 Mio. views);NmTHC4VWULPoPqE;2c36cbbd80;1846;Cygnus columbianus;b'1830 asien cisnechico cygnedebewick cygnusbewickii entenv\xc3\xb6gel europa gaiazookerkrade g\xc3\xa4nse g\xc3\xa4nsev\xc3\xb6gel kleinezwaan schw\xc3\xa4ne tundraswan v\xc3\xb6gel williamyarrell zwergschwan';b'Zwergschwan (Cygnus bewickii)';https://farm2.staticflickr.com/1846/30753992748_2c36cbbd80_c.jpg;800;729691.0
16;0;2016-10-22 11:24:48;0;0;b'GaiaZOO Kerkrade';2;0.0;0.0;0.0;1.0;800;44574160282;0;0;1;50.868808;0;6.046863;123597211@N03;Tom's Fotokiste (thanks vor over 12 Mio. views);NmTHC4VWULPoPqE;1d2077c21e;1900;Cygnus columbianus;b'1830 asien cisnechico cygnedebewick cygnusbewickii entenv\xc3\xb6gel europa gaiazookerkrade g\xc3\xa4nse g\xc3\xa4nsev\xc3\xb6gel kleinezwaan schw\xc3\xa4ne tundraswan v\xc3\xb6gel williamyarrell zwergschwan';b'Zwergschwan (Cygnus bewickii)';https://farm2.staticflickr.com/1900/44574160282_1d2077c21e_c.jpg;534;729691.0
16;0;2016-10-22 11:16:56;0;0;b'GaiaZOO Kerkrade';2;0.0;0.0;0.0;1.0;534;44574159132;0;0;1;50.868808;0;6.046863;123597211@N03;Tom's Fotokiste (thanks vor over 12 Mio. views);NmTHC4VWULPoPqE;ae66f58b04;1886;Cygnus columbianus;b'1830 asien cisnechico cygnedebewick cygnusbewickii entenv\xc3\xb6gel europa gaiazookerkrade g\xc3\xa4nse g\xc3\xa4nsev\xc3\xb6gel kleinezwaan schw\xc3\xa4ne tundraswan v\xc3\xb6gel williamyarrell zwergschwan';b'Zwergschwan (Cygnus bewickii)';https://farm2.staticflickr.com/1886/44574159132_ae66f58b04_c.jpg;800;729691.0
16;0;2016-10-22 11:15:45;0;0;b'GaiaZOO Kerkrade';2;0.0;0.0;0.0;1.0;534;42813762840;0;0;1;50.868808;0;6.046863;123597211@N03;Tom's Fotokiste (thanks vor over 12 Mio. views);NmTHC4VWULPoPqE;409cd138ed;1877;Cygnus columbianus;b'1830 asien cisnechico cygnedebewick cygnusbewickii entenv\xc3\xb6gel europa gaiazookerkrade g\xc3\xa4nse g\xc3\xa4nsev\xc3\xb6gel kleinezwaan schw\xc3\xa4ne tundraswan v\xc3\xb6gel williamyarrell zwergschwan';b'Zwergschwan (Cygnus bewickii)';https://farm2.staticflickr.com/1877/42813762840_409cd138ed_c.jpg;800;729691.0
16;0;2016-10-22 11:13:59;0;0;b'GaiaZOO Kerkrade';2;0.0;0.0;0.0;1.0;534;43905139894;0;0;1;50.868808;0;6.046863;123597211@N03;Tom's Fotokiste (thanks vor over 12 Mio. views);NmTHC4VWULPoPqE;c1840b2892;1892;Cygnus columbianus;b'1830 asien cisnechico cygnedebewick cygnusbewickii entenv\xc3\xb6gel europa gaiazookerkrade g\xc3\xa4nse g\xc3\xa4nsev\xc3\xb6gel kleinezwaan schw\xc3\xa4ne tundraswan v\xc3\xb6gel williamyarrell zwergschwan';b'Zwergschwan (Cygnus bewickii)';https://farm2.staticflickr.com/1892/43905139894_c1840b2892_c.jpg;800;729691.0
16;0;2016-10-22 11:13:59;0;0;b'GaiaZOO Kerkrade';2;0.0;0.0;0.0;1.0;534;43905136084;0;0;1;50.868808;0;6.046863;123597211@N03;Tom's Fotokiste (thanks vor over 12 Mio. views);NmTHC4VWULPoPqE;86929153bc;1861;Cygnus columbianus;b'1830 asien cisnechico cygnedebewick cygnusbewickii entenv\xc3\xb6gel europa gaiazookerkrade g\xc3\xa4nse g\xc3\xa4nsev\xc3\xb6gel kleinezwaan schw\xc3\xa4ne tundraswan v\xc3\xb6gel williamyarrell zwergschwan';b'Zwergschwan (Cygnus bewickii)';https://farm2.staticflickr.com/1861/43905136084_86929153bc_c.jpg;800;729691.0
16;0;2016-10-22 11:13:22;0;0;b'GaiaZOO Kerkrade';2;0.0;0.0;0.0;1.0;534;42813748140;0;0;1;50.868808;0;6.046863;123597211@N03;Tom's Fotokiste (thanks vor over 12 Mio. views);NmTHC4VWULPoPqE;e84cf12b56;1866;Cygnus columbianus;b'1830 asien cisnechico cygnedebewick cygnusbewickii entenv\xc3\xb6gel europa gaiazookerkrade g\xc3\xa4nse g\xc3\xa4nsev\xc3\xb6gel kleinezwaan schw\xc3\xa4ne tundraswan v\xc3\xb6gel williamyarrell zwergschwan';b'Zwergschwan (Cygnus bewickii)';https://farm2.staticflickr.com/1866/42813748140_e84cf12b56_c.jpg;800;729691.0
16;0;2016-10-22 11:13:21;0;0;b'GaiaZOO Kerkrade';2;0.0;0.0;0.0;1.0;534;42813742740;0;0;1;50.868808;0;6.046863;123597211@N03;Tom's Fotokiste (thanks vor over 12 Mio. views);NmTHC4VWULPoPqE;71274fc33d;1879;Cygnus columbianus;b'1830 asien cisnechico cygnedebewick cygnusbewickii entenv\xc3\xb6gel europa gaiazookerkrade g\xc3\xa4nse g\xc3\xa4nsev\xc3\xb6gel kleinezwaan schw\xc3\xa4ne tundraswan v\xc3\xb6gel williamyarrell zwergschwan';b'Zwergschwan (Cygnus bewickii)';https://farm2.staticflickr.com/1879/42813742740_71274fc33d_c.jpg;800;729691.0
16;0;2016-10-22 11:13:21;0;0;b'GaiaZOO Kerkrade';2;0.0;0.0;0.0;1.0;534;29685690657;0;0;1;50.868808;0;6.046863;123597211@N03;Tom's Fotokiste (thanks vor over 12 Mio. views);NmTHC4VWULPoPqE;ef00d12864;1891;Cygnus columbianus;b'1830 asien cisnechico cygnedebewick cygnusbewickii entenv\xc3\xb6gel europa gaiazookerkrade g\xc3\xa4nse g\xc3\xa4nsev\xc3\xb6gel kleinezwaan schw\xc3\xa4ne tundraswan v\xc3\xb6gel williamyarrell zwergschwan';b'Zwergschwan (Cygnus bewickii)';https://farm2.staticflickr.com/1891/29685690657_ef00d12864_c.jpg;800;729691.0
0;0;2018-01-17 12:39:31;0;0;b'';2;;;;;475;44056763911;0;0;1;0.0;0;0.0;162474897@N08;jean.bail2;;790a110abf;1779;Cygnus columbianus;b'';b'Cygnes de Bewick avec des Cygnes tubercul\xc3\xa9s';https://farm2.staticflickr.com/1779/44056763911_790a110abf_c.jpg;800;
0;0;2018-01-17 12:46:30;0;0;b'';2;;;;;479;44008513432;0;0;1;0.0;0;0.0;162474897@N08;jean.bail2;;ddf82b0112;1815;Cygnus columbianus;b'';b'Cygnes de Bewick avec des Cygnes tubercul\xc3\xa9s';https://farm2.staticflickr.com/1815/44008513432_ddf82b0112_c.jpg;800;
0;0;2018-01-17 12:46:33;0;0;b'';2;;;;;486;44008499542;0;0;1;0.0;0;0.0;162474897@N08;jean.bail2;;af2a739a58;1817;Cygnus columbianus;b'';b'Cygnes de Bewick avec des Cygnes tubercul\xc3\xa9s';https://farm2.staticflickr.com/1817/44008499542_af2a739a58_c.jpg;800;
0;0;2014-03-09 19:09:18;0;0;b'Marne';2;;;;;530;40664948190;0;0;1;0.0;0;0.0;157481491@N04;yvonpj;;0bf138be8c;1748;Cygnus columbianus;b'';b'cygne de Bewick';https://farm2.staticflickr.com/1748/40664948190_0bf138be8c_c.jpg;800;
14;0;2018-04-17 13:48:28;0;0;b'';1;0.0;0.0;0.0;1.0;530;41559940871;0;0;1;50.586342;0;3.884525;38265586@N05;Alain G G;Zzx.96RYVLK1NWY;4e5f54ebcc;787;Cygnus columbianus;b'cygnuscolumbianus pairidiaza hainaut belgique nature zoo';b'Cygne de Bewick';https://farm1.staticflickr.com/787/41559940871_4e5f54ebcc_c.jpg;800;968146.0
0;0;2010-01-02 00:00:00;0;0;"b'\nTundra Swan\n\nKilcolman National Nature Reserve. Doneraile. Co.Cork. Ireland\n\nIB19190-02/01/2010-Bewick\'s Swan-Cygnus columbianus-2-Kilcolman-Co.Cork \n@ <a href=""http://www.irishbirding.com/birds/web/Display/sighting/19190/Bewicks_Swan.html"" rel=""nofollow"">www.irishbirding.com/birds/web/Display/sighting/19190/Bew...</a>\n\n[order] Anseriformes | [family] Anatidae | [latin] Cygnus columbianus | [UK] Tundra Swan | [FR] Cygne de Bewick | [DE] Zwergschwan | [ES] Cisne Chico | [IT] Cigno minore | [NL] Kleine Zwaan\n\nMeasurements\nspanwidth min.: 88 cm\nspanwidth max.: 106 cm\nsize min.: 55 cm\nsize max.: 65 cm\nBreeding\nincubation min.: 29 days\nincubation max.: 30 days\nfledging min.: 40 days\nfledging max.: 45 days\nbroods 1\neggs min.: 2\neggs max.: 6\n\nPhysical characteristics\n\nIn direct comparison appreciably the Bewick\'s Swan Cygnus columbianus is smaller (L 120 cm) than Mute Swan (Cygnus olor), with shorter neck, less elongated head shape and less yellow on bill. This species, formerly known as the Whistling Swan, is a large bird with white plumage and black legs, feet, and beak. However, when it is feeding in iron-rich areas, the feathers on its head and neck may take on a reddish tinge. \nThe male weighs on average 7.5 kg and can measure 1.3 m from bill to tail. The adult female is about the same size as the male but weighs slightly less, about 6.3 kg. The young of the year are smaller than the adults and have grey plumage, pinkish beaks with black tips, and pink legs and feet. It takes at least two years for adult plumage to grow in.\n\nHabitat\n\nBewick\'s Swans spend the summer on the tundra of the Canadian Arctic and Alaska. Each pair of Bewick\'s Swans defends a large territory that may be more than 2 km2.\n\nOther details\n\nThis swan is breeding in the Eurasian tundra, from the Finno-Russian border to Central Siberia. The birds breeding West of the Taymyr Peninsula are wintering mainly in Denmark, the Netherlands, England and Ireland. A few birds also reach the Rhone Delta in southern France. Elsewhere the species is of only very occasional occurrence during strong winters. The total population visiting Western Europe is estimated at 17000 individuals, and seems to be stable\n\nFeeding\n\nBewick\'s Swans feed mainly on the tubers and roots of aquatic plants that grow at shallow depths in fresh, brackish, or salt water. They reach this food by extending the head and neck downward, frequently tipping the body but seldom completely submerging. On the Atlantic coast the swans vary their diet with molluscs, or hard-shelled water animals, such as mussels and clams. In recent years, they have begun to feed extensively on grains, such as corn and wheat that are left on the ground after the harvest.\n\nConservation\n\nThis species has a large range, with an estimated global Extent of Occurrence of 100,000-1,000,000 km\xc2\xb2. It has a large global population estimated to be 300,000 individuals (Wetlands International 2002). Global population trends have not been quantified, but the species is not believed to approach the thresholds for the population decline criterion of the IUCN Red List (i.e. declining more than 30% in ten years or three generations). For these reasons, the species is evaluated as Least Concern. [conservation status from birdlife.org]\n\nBreeding\n\nThe courtship and pairing of young adult birds is in full swing in late winter and continues through the spring migration. Adults already paired reinforce their bond by vocal and visual displays. The most spectacular of these is the so-called victory display in which male and female face each other, extend and wave the wings slowly, bow the head and neck forward and backward, and, in duet, produce a formalized sequence of loud, melodious sounds. The pair-bond is strong and probably lasts for life. \nThey are solitary nesters with each pair defending a large territory that may be more than 2 km2. The nest is a large conical affair of sticks, often placed on a hummock and lined with moss, sedges, and grasses. It is usually quite close to a tundra pond or lake that is large enough to provide a good feeding and loafing area for the young but not too large to defend against other breeding pairs. Nests in favourable locations tend to be re-used each year. \nBewick\'s Swans usually do not breed until their fourth or fifth year. A year before breeding, pairs normally &quot;go steady&quot; and select and defend a territory without actually nesting. When they reach breeding age, they begin to nest in late May or early June before the snow is off the tundra, while many of the lakes are still frozen. The cream-coloured, elliptical-ovate eggs average 107 mm in length. A clutch of four eggs is normal; in exceptionally warm, favourable springs the female often lays five or six eggs. An unusually cold and snowbound spring, on the other hand, may inhibit nesting for that year. Not all adult pairs nest every year. \nIncubation, or warming of the eggs until they hatch, begins when the final egg is laid and lasts about 32 days. Only the female incubates the eggs, but the male remains close by, guarding the nest site and defending the territory. If the eggs are destroyed, renesting will not take place. \nThe downy ash-grey cygnets emerge in early July and weigh about 180 g. They are soon able to hunt for their own food; both parents help them find suitable plant food around the margins of the pond. They need to be brooded, or kept warm by a parent sitting on them, frequently, to protect them from the cold and the onslaughts of numerous mosquitos. The early casualty rate among cygnets is quite high, chiefly due to cold or starvation. \nThe family remains on the territory during August, when the adults undergo a moult period, or shed feathers. They are flightless for several weeks, until new primary wing feathers replace those that have been shed. If all goes well, the cygnets\' growth rate is very rapid and in September, after about 70 days, their weight may be 28 times the hatching weight. This growth rate is necessary, because by early September the cygnets must be fully feathered and able to fly well enough to travel to larger lakes that will freeze over more slowly. \nAt these lakes they encounter young, non-breeding birds of the previous year and unsuccessful nesters or unpaired adults that have spent the summer in small groups in favourable feeding locations. From these points, the flocks begin the early stages of migration as freeze-up approaches. An early winter will doom cygnets not yet ready to fly out of the north.\n\nMigration\n\nMigratory; winters in temperate areas; sporadically in more southern latitudes during cold winters.'";5;;;;;535;40587101321;0;0;1;0.0;0;0.0;54100598@N08;Brian Carruthers-Dublin-Eire;;57904abdf7;4798;Cygnus columbianus;b'bewicks swan bewicksswan kilcolman national nature reserve doneraile cocork ireland kilcolmannationalnaturereserve anseriformes anatidae cygnus columbianus tundra cygne de bewick zwergschwan cisne chico cigno minore kleine zwaan cygnuscolumbianus tundraswan cygnedebewick cisnechico cignominore kleinezwaan water waterbird birdwatchfb animalia animal wildlife outdoor';"b""Bewick's Swan (Cygnus columbianus) 02-01-2010""";https://farm5.staticflickr.com/4798/40587101321_57904abdf7_c.jpg;800;
0;0;2010-01-02 00:00:00;0;0;"b'\nTundra Swan\n\nKilcolman National Nature Reserve. Doneraile. Co.Cork. Ireland\n\nIB19190-02/01/2010-Bewick\'s Swan-Cygnus columbianus-2-Kilcolman-Co.Cork \n@ <a href=""http://www.irishbirding.com/birds/web/Display/sighting/19190/Bewicks_Swan.html"" rel=""nofollow"">www.irishbirding.com/birds/web/Display/sighting/19190/Bew...</a>\n\n[order] Anseriformes | [family] Anatidae | [latin] Cygnus columbianus | [UK] Tundra Swan | [FR] Cygne de Bewick | [DE] Zwergschwan | [ES] Cisne Chico | [IT] Cigno minore | [NL] Kleine Zwaan\n\nMeasurements\nspanwidth min.: 88 cm\nspanwidth max.: 106 cm\nsize min.: 55 cm\nsize max.: 65 cm\nBreeding\nincubation min.: 29 days\nincubation max.: 30 days\nfledging min.: 40 days\nfledging max.: 45 days\nbroods 1\neggs min.: 2\neggs max.: 6\n\nPhysical characteristics\n\nIn direct comparison appreciably the Bewick\'s Swan Cygnus columbianus is smaller (L 120 cm) than Mute Swan (Cygnus olor), with shorter neck, less elongated head shape and less yellow on bill. This species, formerly known as the Whistling Swan, is a large bird with white plumage and black legs, feet, and beak. However, when it is feeding in iron-rich areas, the feathers on its head and neck may take on a reddish tinge. \nThe male weighs on average 7.5 kg and can measure 1.3 m from bill to tail. The adult female is about the same size as the male but weighs slightly less, about 6.3 kg. The young of the year are smaller than the adults and have grey plumage, pinkish beaks with black tips, and pink legs and feet. It takes at least two years for adult plumage to grow in.\n\nHabitat\n\nBewick\'s Swans spend the summer on the tundra of the Canadian Arctic and Alaska. Each pair of Bewick\'s Swans defends a large territory that may be more than 2 km2.\n\nOther details\n\nThis swan is breeding in the Eurasian tundra, from the Finno-Russian border to Central Siberia. The birds breeding West of the Taymyr Peninsula are wintering mainly in Denmark, the Netherlands, England and Ireland. A few birds also reach the Rhone Delta in southern France. Elsewhere the species is of only very occasional occurrence during strong winters. The total population visiting Western Europe is estimated at 17000 individuals, and seems to be stable\n\nFeeding\n\nBewick\'s Swans feed mainly on the tubers and roots of aquatic plants that grow at shallow depths in fresh, brackish, or salt water. They reach this food by extending the head and neck downward, frequently tipping the body but seldom completely submerging. On the Atlantic coast the swans vary their diet with molluscs, or hard-shelled water animals, such as mussels and clams. In recent years, they have begun to feed extensively on grains, such as corn and wheat that are left on the ground after the harvest.\n\nConservation\n\nThis species has a large range, with an estimated global Extent of Occurrence of 100,000-1,000,000 km\xc2\xb2. It has a large global population estimated to be 300,000 individuals (Wetlands International 2002). Global population trends have not been quantified, but the species is not believed to approach the thresholds for the population decline criterion of the IUCN Red List (i.e. declining more than 30% in ten years or three generations). For these reasons, the species is evaluated as Least Concern. [conservation status from birdlife.org]\n\nBreeding\n\nThe courtship and pairing of young adult birds is in full swing in late winter and continues through the spring migration. Adults already paired reinforce their bond by vocal and visual displays. The most spectacular of these is the so-called victory display in which male and female face each other, extend and wave the wings slowly, bow the head and neck forward and backward, and, in duet, produce a formalized sequence of loud, melodious sounds. The pair-bond is strong and probably lasts for life. \nThey are solitary nesters with each pair defending a large territory that may be more than 2 km2. The nest is a large conical affair of sticks, often placed on a hummock and lined with moss, sedges, and grasses. It is usually quite close to a tundra pond or lake that is large enough to provide a good feeding and loafing area for the young but not too large to defend against other breeding pairs. Nests in favourable locations tend to be re-used each year. \nBewick\'s Swans usually do not breed until their fourth or fifth year. A year before breeding, pairs normally &quot;go steady&quot; and select and defend a territory without actually nesting. When they reach breeding age, they begin to nest in late May or early June before the snow is off the tundra, while many of the lakes are still frozen. The cream-coloured, elliptical-ovate eggs average 107 mm in length. A clutch of four eggs is normal; in exceptionally warm, favourable springs the female often lays five or six eggs. An unusually cold and snowbound spring, on the other hand, may inhibit nesting for that year. Not all adult pairs nest every year. \nIncubation, or warming of the eggs until they hatch, begins when the final egg is laid and lasts about 32 days. Only the female incubates the eggs, but the male remains close by, guarding the nest site and defending the territory. If the eggs are destroyed, renesting will not take place. \nThe downy ash-grey cygnets emerge in early July and weigh about 180 g. They are soon able to hunt for their own food; both parents help them find suitable plant food around the margins of the pond. They need to be brooded, or kept warm by a parent sitting on them, frequently, to protect them from the cold and the onslaughts of numerous mosquitos. The early casualty rate among cygnets is quite high, chiefly due to cold or starvation. \nThe family remains on the territory during August, when the adults undergo a moult period, or shed feathers. They are flightless for several weeks, until new primary wing feathers replace those that have been shed. If all goes well, the cygnets\' growth rate is very rapid and in September, after about 70 days, their weight may be 28 times the hatching weight. This growth rate is necessary, because by early September the cygnets must be fully feathered and able to fly well enough to travel to larger lakes that will freeze over more slowly. \nAt these lakes they encounter young, non-breeding birds of the previous year and unsuccessful nesters or unpaired adults that have spent the summer in small groups in favourable feeding locations. From these points, the flocks begin the early stages of migration as freeze-up approaches. An early winter will doom cygnets not yet ready to fly out of the north.\n\nMigration\n\nMigratory; winters in temperate areas; sporadically in more southern latitudes during cold winters.'";5;;;;;520;39876666554;0;0;1;0.0;0;0.0;54100598@N08;Brian Carruthers-Dublin-Eire;;3ff8d03798;4747;Cygnus columbianus;b'bewicks swan bewicksswan kilcolman national nature reserve doneraile cocork ireland kilcolmannationalnaturereserve anseriformes anatidae cygnus columbianus tundra cygne de bewick zwergschwan cisne chico cigno minore kleine zwaan cygnuscolumbianus tundraswan cygnedebewick cisnechico cignominore kleinezwaan water waterbird birdwatchfb animalia animal wildlife outdoor';"b""Bewick's Swan (Cygnus columbianus) 02-01-2010""";https://farm5.staticflickr.com/4747/39876666554_3ff8d03798_c.jpg;800;
0;0;2010-01-02 00:00:00;0;0;"b'\nTundra Swan\n\nKilcolman National Nature Reserve. Doneraile. Co.Cork. Ireland\n\nIB19190-02/01/2010-Bewick\'s Swan-Cygnus columbianus-2-Kilcolman-Co.Cork \n@ <a href=""http://www.irishbirding.com/birds/web/Display/sighting/19190/Bewicks_Swan.html"" rel=""nofollow"">www.irishbirding.com/birds/web/Display/sighting/19190/Bew...</a>\n\n[order] Anseriformes | [family] Anatidae | [latin] Cygnus columbianus | [UK] Tundra Swan | [FR] Cygne de Bewick | [DE] Zwergschwan | [ES] Cisne Chico | [IT] Cigno minore | [NL] Kleine Zwaan\n\nMeasurements\nspanwidth min.: 88 cm\nspanwidth max.: 106 cm\nsize min.: 55 cm\nsize max.: 65 cm\nBreeding\nincubation min.: 29 days\nincubation max.: 30 days\nfledging min.: 40 days\nfledging max.: 45 days\nbroods 1\neggs min.: 2\neggs max.: 6\n\nPhysical characteristics\n\nIn direct comparison appreciably the Bewick\'s Swan Cygnus columbianus is smaller (L 120 cm) than Mute Swan (Cygnus olor), with shorter neck, less elongated head shape and less yellow on bill. This species, formerly known as the Whistling Swan, is a large bird with white plumage and black legs, feet, and beak. However, when it is feeding in iron-rich areas, the feathers on its head and neck may take on a reddish tinge. \nThe male weighs on average 7.5 kg and can measure 1.3 m from bill to tail. The adult female is about the same size as the male but weighs slightly less, about 6.3 kg. The young of the year are smaller than the adults and have grey plumage, pinkish beaks with black tips, and pink legs and feet. It takes at least two years for adult plumage to grow in.\n\nHabitat\n\nBewick\'s Swans spend the summer on the tundra of the Canadian Arctic and Alaska. Each pair of Bewick\'s Swans defends a large territory that may be more than 2 km2.\n\nOther details\n\nThis swan is breeding in the Eurasian tundra, from the Finno-Russian border to Central Siberia. The birds breeding West of the Taymyr Peninsula are wintering mainly in Denmark, the Netherlands, England and Ireland. A few birds also reach the Rhone Delta in southern France. Elsewhere the species is of only very occasional occurrence during strong winters. The total population visiting Western Europe is estimated at 17000 individuals, and seems to be stable\n\nFeeding\n\nBewick\'s Swans feed mainly on the tubers and roots of aquatic plants that grow at shallow depths in fresh, brackish, or salt water. They reach this food by extending the head and neck downward, frequently tipping the body but seldom completely submerging. On the Atlantic coast the swans vary their diet with molluscs, or hard-shelled water animals, such as mussels and clams. In recent years, they have begun to feed extensively on grains, such as corn and wheat that are left on the ground after the harvest.\n\nConservation\n\nThis species has a large range, with an estimated global Extent of Occurrence of 100,000-1,000,000 km\xc2\xb2. It has a large global population estimated to be 300,000 individuals (Wetlands International 2002). Global population trends have not been quantified, but the species is not believed to approach the thresholds for the population decline criterion of the IUCN Red List (i.e. declining more than 30% in ten years or three generations). For these reasons, the species is evaluated as Least Concern. [conservation status from birdlife.org]\n\nBreeding\n\nThe courtship and pairing of young adult birds is in full swing in late winter and continues through the spring migration. Adults already paired reinforce their bond by vocal and visual displays. The most spectacular of these is the so-called victory display in which male and female face each other, extend and wave the wings slowly, bow the head and neck forward and backward, and, in duet, produce a formalized sequence of loud, melodious sounds. The pair-bond is strong and probably lasts for life. \nThey are solitary nesters with each pair defending a large territory that may be more than 2 km2. The nest is a large conical affair of sticks, often placed on a hummock and lined with moss, sedges, and grasses. It is usually quite close to a tundra pond or lake that is large enough to provide a good feeding and loafing area for the young but not too large to defend against other breeding pairs. Nests in favourable locations tend to be re-used each year. \nBewick\'s Swans usually do not breed until their fourth or fifth year. A year before breeding, pairs normally &quot;go steady&quot; and select and defend a territory without actually nesting. When they reach breeding age, they begin to nest in late May or early June before the snow is off the tundra, while many of the lakes are still frozen. The cream-coloured, elliptical-ovate eggs average 107 mm in length. A clutch of four eggs is normal; in exceptionally warm, favourable springs the female often lays five or six eggs. An unusually cold and snowbound spring, on the other hand, may inhibit nesting for that year. Not all adult pairs nest every year. \nIncubation, or warming of the eggs until they hatch, begins when the final egg is laid and lasts about 32 days. Only the female incubates the eggs, but the male remains close by, guarding the nest site and defending the territory. If the eggs are destroyed, renesting will not take place. \nThe downy ash-grey cygnets emerge in early July and weigh about 180 g. They are soon able to hunt for their own food; both parents help them find suitable plant food around the margins of the pond. They need to be brooded, or kept warm by a parent sitting on them, frequently, to protect them from the cold and the onslaughts of numerous mosquitos. The early casualty rate among cygnets is quite high, chiefly due to cold or starvation. \nThe family remains on the territory during August, when the adults undergo a moult period, or shed feathers. They are flightless for several weeks, until new primary wing feathers replace those that have been shed. If all goes well, the cygnets\' growth rate is very rapid and in September, after about 70 days, their weight may be 28 times the hatching weight. This growth rate is necessary, because by early September the cygnets must be fully feathered and able to fly well enough to travel to larger lakes that will freeze over more slowly. \nAt these lakes they encounter young, non-breeding birds of the previous year and unsuccessful nesters or unpaired adults that have spent the summer in small groups in favourable feeding locations. From these points, the flocks begin the early stages of migration as freeze-up approaches. An early winter will doom cygnets not yet ready to fly out of the north.\n\nMigration\n\nMigratory; winters in temperate areas; sporadically in more southern latitudes during cold winters.'";5;;;;;535;26715472608;0;0;1;0.0;0;0.0;54100598@N08;Brian Carruthers-Dublin-Eire;;86b20dc7af;4656;Cygnus columbianus;b'bewicks swan bewicksswan kilcolman national nature reserve doneraile cocork ireland kilcolmannationalnaturereserve anseriformes anatidae cygnus columbianus tundra cygne de bewick zwergschwan cisne chico cigno minore kleine zwaan cygnuscolumbianus tundraswan cygnedebewick cisnechico cignominore kleinezwaan water waterbird birdwatchfb animalia animal wildlife outdoor';"b""Bewick's Swan (Cygnus columbianus) 02-01-2010""";https://farm5.staticflickr.com/4656/26715472608_86b20dc7af_c.jpg;800;
0;0;2018-01-13 13:40:55;0;0;b'';5;;;;;504;25889757348;0;0;1;0.0;0;0.0;82098531@N04;Morgan Boch;;76c080721d;4654;Cygnus columbianus;b'';b'Cygne de bewick- Cygnus columbarius- toundra swan';https://farm5.staticflickr.com/4654/25889757348_76c080721d_c.jpg;800;
15;0;2017-12-03 14:25:49;0;0;"b'Cygnus columbianus bewickii\nKleine Zwaan, Zwergschwan, Cygne de Bewick\n\nPhoto used in:\n- <a href=""https://www.nature.org/ourinitiatives/regions/northamerica/unitedstates/ohio/explore/ohio-natural-events-calendar-autumn.xml"" rel=""nofollow"">www.nature.org/ourinitiatives/regions/northamerica/united...</a> '";5;0.0;0.0;0.0;1.0;600;38839339061;0;0;1;52.101206;0;4.438927;147485441@N04;Corine Bliek;M8Qdz9lWUbuVays;ec1c0b4108;4581;Cygnus columbianus;b'vogel vogels zwanen swans lake trekvogels migrant wildlife nature natuur water cygnuscolumbianusbewickii bird birds';b'Tundra Swan';https://farm5.staticflickr.com/4581/38839339061_ec1c0b4108_c.jpg;800;731222.0
0;0;2017-11-08 15:16:09;0;0;b'La foule ...\nFaune du Grand Est';5;;;;;346;26970936279;0;0;1;0.0;0;0.0;96252811@N02;TESS4756;;f5ff7a6624;4555;Cygnus columbianus;b'2017 anatid\xc3\xa9s ans\xc3\xa9riformes cygnedeb\xc3\xa9wick faune faunedugandest lacduder oiseaux th\xc3\xa9r\xc3\xa8seb lentilles grandest france';b'Cygne de B\xc3\xa9wick - Cygnus columbianus - Tundra Swan';https://farm5.staticflickr.com/4555/26970936279_f5ff7a6624_c.jpg;800;
0;0;2017-11-19 14:22:45;0;0;"b'<a href=""http://www.oiseaux.net/oiseaux/cygne.de.bewick.html"" rel=""nofollow"">www.oiseaux.net/oiseaux/cygne.de.bewick.html</a>\n\nApr\xc3\xa8s une longue migration, repos de toute la famille pr\xc3\xa8s du Lac du Der'";5;;;;;534;37810835454;0;0;1;0.0;0;0.0;18822564@N05;photo@marc;;a5dbd7c5df;4586;Cygnus columbianus;b'cygnedebewick cygnuscolumbianus tundraswan';b'Cygne de Bewick - Cygnus columbianus - Tundra Swan';https://farm5.staticflickr.com/4586/37810835454_a5dbd7c5df_c.jpg;800;
0;0;2017-05-10 11:52:08;0;0;b'';5;;;;;534;36564291590;0;0;1;0.0;0;0.0;140148936@N07;Pierana;;255322682d;4425;Cygnus columbianus;b'nature animal oiseaux baie de somme parc du marquenterre cygne bewick birds';b'Cygne de Bewick';https://farm5.staticflickr.com/4425/36564291590_255322682d_c.jpg;800;
0;0;2017-06-10 12:52:39;0;0;b'';5;;;;;534;34428045573;0;0;1;0.0;0;0.0;128809985@N03;loudz57220;;2078052234;4262;Cygnus columbianus;b'150600 7d cygnedebewick cygnuscolumbianus tundraswan animals bird canon markii nature oiseau tamron wildlife';b'Cygne de Bewick';https://farm5.staticflickr.com/4262/34428045573_2078052234_c.jpg;800;
16;0;2016-12-22 11:52:41;0;0;b'';1;0.0;0.0;0.0;1.0;450;32973194170;0;0;1;43.540555;0;4.559444;124810342@N04;yann.dimauro;lbWye9tTUb6GOcp80w;2ef971160d;732;Cygnus columbianus;b'bouchesdurh\xc3\xb4ne animaux bouche camargue delta faune gard mer m\xc3\xa9diterran\xc3\xa9e oiseau ornithologie plaine rh\xc3\xb4ne yanndimauro';b'Cygne de Bewick (Cygnus columbianus), Canard siffleur (Anas penelope) & Canard colvert (Anas platyrhynchos)';https://farm1.staticflickr.com/732/32973194170_2ef971160d_c.jpg;800;23424819.0
0;0;2017-02-14 16:30:50;0;0;b'CYGNE DE BEWICK';3;;;;;533;32505417564;0;0;1;0.0;0;0.0;128534100@N06;62natisques;;06ef225eb7;2851;Cygnus columbianus;b'';b'14022017-A25A9837';https://farm3.staticflickr.com/2851/32505417564_06ef225eb7_c.jpg;800;
16;0;2016-12-22 11:54:51;0;0;b'';3;0.0;0.0;0.0;1.0;534;33184339935;0;0;1;43.540555;0;4.559444;124810342@N04;yann.dimauro;lbWye9tTUb6GOcp80w;cab397f3d6;2838;Cygnus columbianus;b'bouchesdurh\xc3\xb4ne animaux bouche camargue delta faune gard mer m\xc3\xa9diterran\xc3\xa9e oiseau ornithologie plaine rh\xc3\xb4ne yanndimauro';b'Cygne de Bewick (Cygnus columbianus)';https://farm3.staticflickr.com/2838/33184339935_cab397f3d6_c.jpg;800;23424819.0
16;0;2016-12-22 11:53:07;0;0;b'';3;0.0;0.0;0.0;1.0;450;33037677551;0;0;1;43.540555;0;4.559444;124810342@N04;yann.dimauro;lbWye9tTUb6GOcp80w;68b96fee14;2891;Cygnus columbianus;b'bouchesdurh\xc3\xb4ne animaux bouche camargue delta faune gard mer m\xc3\xa9diterran\xc3\xa9e oiseau ornithologie plaine rh\xc3\xb4ne yanndimauro';b'Cygne de Bewick (Cygnus columbianus), Canard siffleur (Anas penelope) & Canard colvert (Anas platyrhynchos)';https://farm3.staticflickr.com/2891/33037677551_68b96fee14_c.jpg;800;23424819.0
16;0;2016-12-22 11:54:45;0;0;b'';1;0.0;0.0;0.0;1.0;450;32299390204;0;0;1;43.540555;0;4.559444;124810342@N04;yann.dimauro;lbWye9tTUb6GOcp80w;ec1640c4a3;761;Cygnus columbianus;b'bouchesdurh\xc3\xb4ne animaux bouche camargue delta faune gard mer m\xc3\xa9diterran\xc3\xa9e oiseau ornithologie plaine rh\xc3\xb4ne yanndimauro';b'Cygne de Bewick (Cygnus columbianus)';https://farm1.staticflickr.com/761/32299390204_ec1640c4a3_c.jpg;800;23424819.0
16;0;2016-12-22 11:51:25;0;0;b'';4;0.0;0.0;0.0;1.0;450;32329476853;0;0;1;43.540555;0;4.559444;124810342@N04;yann.dimauro;lbWye9tTUb6GOcp80w;3e7a03225f;3713;Cygnus columbianus;b'bouchesdurh\xc3\xb4ne animaux bouche camargue delta faune gard mer m\xc3\xa9diterran\xc3\xa9e oiseau ornithologie plaine rh\xc3\xb4ne yanndimauro';b'Cygne de Bewick (Cygnus columbianus)';https://farm4.staticflickr.com/3713/32329476853_3e7a03225f_c.jpg;800;23424819.0
16;0;2016-12-22 11:44:28;0;0;b'';4;0.0;0.0;0.0;1.0;450;32329466753;0;0;1;43.540555;0;4.559444;124810342@N04;yann.dimauro;lbWye9tTUb6GOcp80w;eb2ea9aa3a;3878;Cygnus columbianus;b'bouchesdurh\xc3\xb4ne animaux bouche camargue delta faune gard mer m\xc3\xa9diterran\xc3\xa9e oiseau ornithologie plaine rh\xc3\xb4ne yanndimauro';b'Cygne de Bewick (Cygnus columbianus), Canard siffleur (Anas penelope) & Canard colvert (Anas platyrhynchos)';https://farm4.staticflickr.com/3878/32329466753_eb2ea9aa3a_c.jpg;800;23424819.0
0;0;2017-02-25 17:50:36;0;0;b'';3;;;;;532;32287121814;0;0;1;0.0;0;0.0;82098531@N04;Morgan Boch;;56dab63bba;2006;Cygnus columbianus;b'';b'Cygnes de bewick- Camargue f\xc3\xa9vrier 2017';https://farm3.staticflickr.com/2006/32287121814_56dab63bba_c.jpg;800;
16;0;2016-12-22 12:04:25;0;0;b'';4;0.0;0.0;0.0;1.0;534;32967098452;0;0;1;43.540555;0;4.559444;124810342@N04;yann.dimauro;lbWye9tTUb6GOcp80w;cf30ae3bbc;3880;Cygnus columbianus;b'bouchesdurh\xc3\xb4ne animaux bouche camargue delta faune gard mer m\xc3\xa9diterran\xc3\xa9e oiseau ornithologie plaine rh\xc3\xb4ne yanndimauro';b'Cygne de Bewick (Cygnus columbianus), Canard siffleur (Anas penelope) & Canard colvert (Anas platyrhynchos)';https://farm4.staticflickr.com/3880/32967098452_cf30ae3bbc_c.jpg;800;23424819.0
16;0;2016-12-22 12:03:55;0;0;b'';1;0.0;0.0;0.0;1.0;533;33081753216;0;0;1;43.540555;0;4.559444;124810342@N04;yann.dimauro;lbWye9tTUb6GOcp80w;32a61f6524;727;Cygnus columbianus;b'bouchesdurh\xc3\xb4ne animaux bouche camargue delta faune gard mer m\xc3\xa9diterran\xc3\xa9e oiseau ornithologie plaine rh\xc3\xb4ne yanndimauro';b'Cygne de Bewick (Cygnus columbianus)';https://farm1.staticflickr.com/727/33081753216_32a61f6524_c.jpg;800;23424819.0
16;0;2016-12-22 11:41:20;0;0;b'';3;0.0;0.0;0.0;1.0;331;33105509925;0;0;1;43.540555;0;4.559444;124810342@N04;yann.dimauro;lbWye9tTUb6GOcp80w;c482462627;2527;Cygnus columbianus;b'bouchesdurh\xc3\xb4ne animaux bouche camargue delta faune gard mer m\xc3\xa9diterran\xc3\xa9e oiseau ornithologie plaine rh\xc3\xb4ne yanndimauro';b'Cygne de Bewick (Cygnus columbianus)';https://farm3.staticflickr.com/2527/33105509925_c482462627_c.jpg;800;23424819.0
16;0;2016-12-22 11:45:44;0;0;b'';4;0.0;0.0;0.0;1.0;450;32290156073;0;0;1;43.540555;0;4.559444;124810342@N04;yann.dimauro;lbWye9tTUb6GOcp80w;e3418f049b;3925;Cygnus columbianus;b'bouchesdurh\xc3\xb4ne animaux bouche camargue delta faune gard mer m\xc3\xa9diterran\xc3\xa9e oiseau ornithologie plaine rh\xc3\xb4ne yanndimauro';b'Cygne de Bewick (Cygnus columbianus), Canard siffleur (Anas penelope) & Canard colvert (Anas platyrhynchos)';https://farm4.staticflickr.com/3925/32290156073_e3418f049b_c.jpg;800;23424819.0
16;0;2016-12-22 11:51:09;0;0;b'';1;0.0;0.0;0.0;1.0;450;33063609636;0;0;1;43.540555;0;4.559444;124810342@N04;yann.dimauro;lbWye9tTUb6GOcp80w;564167a413;425;Cygnus columbianus;b'bouchesdurh\xc3\xb4ne animaux bouche camargue delta faune gard mer m\xc3\xa9diterran\xc3\xa9e oiseau ornithologie plaine rh\xc3\xb4ne yanndimauro';b'Cygne de Bewick (Cygnus columbianus)';https://farm1.staticflickr.com/425/33063609636_564167a413_c.jpg;800;23424819.0
16;0;2016-12-22 11:51:18;0;0;b'';3;0.0;0.0;0.0;1.0;450;32290134883;0;0;1;43.540555;0;4.559444;124810342@N04;yann.dimauro;lbWye9tTUb6GOcp80w;f3e113c8dc;2282;Cygnus columbianus;b'bouchesdurh\xc3\xb4ne animaux bouche camargue delta faune gard mer m\xc3\xa9diterran\xc3\xa9e oiseau ornithologie plaine rh\xc3\xb4ne yanndimauro';b'Cygne de Bewick (Cygnus columbianus)';https://farm3.staticflickr.com/2282/32290134883_f3e113c8dc_c.jpg;800;23424819.0
16;0;2016-12-22 11:48:07;0;0;b'';3;0.0;0.0;0.0;1.0;450;33043052416;0;0;1;43.540555;0;4.559444;124810342@N04;yann.dimauro;lbWye9tTUb6GOcp80w;06d990d6e6;2876;Cygnus columbianus;b'bouchesdurh\xc3\xb4ne animaux bouche camargue delta faune gard mer m\xc3\xa9diterran\xc3\xa9e oiseau ornithologie plaine rh\xc3\xb4ne yanndimauro';b'Cygne de Bewick (Cygnus columbianus), Canard siffleur (Anas penelope) & Canard colvert (Anas platyrhynchos)';https://farm3.staticflickr.com/2876/33043052416_06d990d6e6_c.jpg;800;23424819.0
16;0;2016-12-22 11:51:13;0;0;b'';1;0.0;0.0;0.0;1.0;450;33024781456;0;0;1;43.540555;0;4.559444;124810342@N04;yann.dimauro;lbWye9tTUb6GOcp80w;865b99c168;421;Cygnus columbianus;b'bouchesdurh\xc3\xb4ne animaux bouche camargue delta faune gard mer m\xc3\xa9diterran\xc3\xa9e oiseau ornithologie plaine rh\xc3\xb4ne yanndimauro';b'Cygne de Bewick (Cygnus columbianus)';https://farm1.staticflickr.com/421/33024781456_865b99c168_c.jpg;800;23424819.0
16;0;2016-12-22 11:45:54;0;0;b'';3;0.0;0.0;0.0;1.0;450;32220800024;0;0;1;43.540555;0;4.559444;124810342@N04;yann.dimauro;lbWye9tTUb6GOcp80w;61cd6bba43;2158;Cygnus columbianus;b'bouchesdurh\xc3\xb4ne animaux bouche camargue delta faune gard mer m\xc3\xa9diterran\xc3\xa9e oiseau ornithologie plaine rh\xc3\xb4ne yanndimauro';b'Cygne de Bewick (Cygnus columbianus), Canard siffleur (Anas penelope) & Canard colvert (Anas platyrhynchos)';https://farm3.staticflickr.com/2158/32220800024_61cd6bba43_c.jpg;800;23424819.0
16;0;2016-12-22 11:44:21;0;0;b'';3;0.0;0.0;0.0;1.0;450;32202447254;0;0;1;43.540555;0;4.559444;124810342@N04;yann.dimauro;lbWye9tTUb6GOcp80w;9479be5b57;2355;Cygnus columbianus;b'bouchesdurh\xc3\xb4ne animaux bouche camargue delta faune gard mer m\xc3\xa9diterran\xc3\xa9e oiseau ornithologie plaine rh\xc3\xb4ne yanndimauro';b'Cygne de Bewick (Cygnus columbianus), Canard siffleur (Anas penelope) & Canard colvert (Anas platyrhynchos)';https://farm3.staticflickr.com/2355/32202447254_9479be5b57_c.jpg;800;23424819.0
0;0;2017-02-18 16:45:15;0;0;b'';1;;;;;533;32860707512;0;0;1;0.0;0;0.0;124593287@N08;Yves.Henchoz;;9cb174e053;576;Cygnus columbianus;b'oiseaux sauvage suisse plumes tamron150600 oiseauxsauvages nikond4';b'Cygnes chanteur et cygne de Bewick';https://farm1.staticflickr.com/576/32860707512_9cb174e053_c.jpg;800;
13;0;2017-02-09 18:09:01;0;0;b'cygne de Bewick, cygne chanteur';1;0.0;0.0;0.0;1.0;450;32662080222;0;0;1;48.268112;0;4.346294;8540726@N02;fleli;j1NkqkZQULx2A6_sPA;c50812dc01;349;Cygnus columbianus;b'';b'le jeu des diff\xc3\xa9rences';https://farm1.staticflickr.com/349/32662080222_c50812dc01_c.jpg;800;12649115.0
0;0;2016-12-22 18:29:50;0;0;b'';1;;;;;800;32127575375;0;0;1;0.0;0;0.0;121021311@N02;David Jonathan Roux;;df8d4c4378;372;Cygnus columbianus;b'';"b""Cygne de Bewick (Cygnus columbianus bewickii) Bewick's Swan / Tadorne de Belon (Tadorna tadorna) Common Shelduck / Canard colvert (Anas platyrhynchos) Mallard""";https://farm1.staticflickr.com/372/32127575375_df8d4c4378_c.jpg;532;
0;0;2016-12-22 18:37:20;0;0;b'';1;;;;;534;31317559433;0;0;1;0.0;0;0.0;121021311@N02;David Jonathan Roux;;a02172cb45;591;Cygnus columbianus;b'';"b""Cygne de Bewick (Cygnus columbianus bewickii) Bewick's Swan""";https://farm1.staticflickr.com/591/31317559433_a02172cb45_c.jpg;800;
0;0;2016-12-19 14:12:04;0;0;b'69 (France)';1;;;;;630;31387833990;0;0;1;0.0;0;0.0;131969765@N06;Tom Vellard;;cf4449fee7;424;Cygnus columbianus;b'';b'Cygne de Bewick';https://farm1.staticflickr.com/424/31387833990_cf4449fee7_c.jpg;800;
0;0;2016-12-04 15:31:14;0;0;b'CYGNE DE BEWICK';1;;;;;505;31493472665;0;0;1;0.0;0;0.0;128534100@N06;62natisques;;80d44fa2fe;24;Cygnus columbianus;b'';b'04122016-A25A9322';https://farm1.staticflickr.com/24/31493472665_80d44fa2fe_c.jpg;800;
0;0;2016-12-04 15:26:08;0;0;b'CYGNE DE BEWICK';1;;;;;800;30652455124;0;0;1;0.0;0;0.0;128534100@N06;62natisques;;3763bce699;411;Cygnus columbianus;b'';b'04122016-A25A9311';https://farm1.staticflickr.com/411/30652455124_3763bce699_c.jpg;455;
0;0;2016-12-04 15:22:56;0;0;b'CYGNE DE BEWICK';6;;;;;324;31493453845;0;0;1;0.0;0;0.0;128534100@N06;62natisques;;831629bb4c;5584;Cygnus columbianus;b'';b'04122016-A25A9300';https://farm6.staticflickr.com/5584/31493453845_831629bb4c_c.jpg;800;
0;0;2016-11-04 08:57:15;0;0;"b""Les cygnes du lac (ou l'inverse ...)\nIls dansent et chantent dans une sorte de parade collective ...\nUn spectacle qui vaut le d\xc3\xa9tour... \nD'un peu loin...\nGrand Est - Etang de la Horre""";6;;;;;269;30971803826;0;0;1;0.0;0;0.0;96252811@N02;TESS4756;;267a2f932b;5672;Cygnus columbianus;b'2016 anatid\xc3\xa9s ans\xc3\xa9riformes cygnedeb\xc3\xa9wick faune oiseaux th\xc3\xa9r\xc3\xa8seb';b'Cygne de B\xc3\xa9wick - Cygnus columbianus - Tundra Swan';https://farm6.staticflickr.com/5672/30971803826_267a2f932b_c.jpg;800;
0;0;2016-11-15 21:15:38;0;1;b'';6;;;;;255;31006778295;0;0;1;0.0;0;0.0;7836790@N07;lucclaes;;58eb738484;5565;Cygnus columbianus;b'';b'Cygne de Bewick';https://farm6.staticflickr.com/5565/31006778295_58eb738484_c.jpg;800;
0;0;2015-11-01 15:44:04;0;0;b'';6;;;;;534;30165160954;0;0;1;0.0;0;0.0;79186938@N05;loupeyre;;42e40def6d;5629;Cygnus columbianus;b'';b'cygne de Bewick';https://farm6.staticflickr.com/5629/30165160954_42e40def6d_c.jpg;800;
10;0;2016-04-12 14:23:37;0;0;"b""Une petite &quot;coche&quot; pour les sudistes, on ne voit jamais ce Cygne dans le sud de l'Europe, plus petit que le Cygne chanteur, bec plus court avec beaucoup plus de noir sur le bec.\n\nA good observation for southmen, we never see this Swan in the south of Europe, smaller than Whooping swan, shoter beak with more black than yellow.""";2;0.0;0.0;0.0;1.0;506;26554167401;0;0;1;56.70007;0;26.977558;95610786@N07;Zoizeaux de Gabriel;9ajl6exUV7LPQiLPxg;1315133262;1524;Cygnus columbianus;b'latvia tundraswan lettonie cygnuscolumbianus cygnedebewick';b'Cygne de Bewick-Cygnus columbianus - Tundra Swan 6161.jpg';https://farm2.staticflickr.com/1524/26554167401_1315133262_c.jpg;800;55844560.0
0;0;2015-08-14 12:17:34;0;0;b'                               ';2;;;;;534;25829095700;0;0;1;0.0;0;0.0;135341972@N04;Fred_dB;;e714464253;1634;Cygnus columbianus;b'';"b""DSC09269 Tundra swan Cygne de Bewick (Cygnus columbianus bewickii) Burgers' zoo Arnhem BD""";https://farm2.staticflickr.com/1634/25829095700_e714464253_c.jpg;800;
0;0;2015-11-29 08:22:28;0;1;b'';2;;;;;534;25245061622;0;0;1;0.0;0;0.0;86586085@N04;Chantal Jacques Photography;;4493a7f812;1465;Cygnus columbianus;b'cygnuscolumbianus juveniletundraswan cygnedebewickjuvenile';b'Juvenile Tundra Swan-Cygnus columbianus-Cygne de Bewick (Juvenile)';https://farm2.staticflickr.com/1465/25245061622_4493a7f812_c.jpg;800;
0;0;2016-01-01 14:58:43;0;1;b'';6;;;;;571;23742815979;0;0;1;0.0;0;0.0;136993708@N07;daniel30800;;2999267c46;5784;Cygnus columbianus;b'';b'cygne de bewick-2';https://farm6.staticflickr.com/5784/23742815979_2999267c46_c.jpg;800;
16;0;2015-11-23 10:39:01;0;0;b'Cygne de Bewick\nCygnus columbianus - Tundra Swan';6;0.0;0.0;0.0;1.0;534;22983698474;0;0;1;50.790012;0;4.643418;130368770@N06;yquertenmont;FynuapFYVb3d2HI;752c6f9af5;5681;Cygnus columbianus;b'nature ornitho cygnedebewick oiseaucanardrapace';b'Cygne de Bewick Cygnus columbianus - Tundra Swan';https://farm6.staticflickr.com/5681/22983698474_752c6f9af5_c.jpg;800;977136.0
0;0;2015-11-12 18:19:36;0;1;b'';1;;;;;320;22991947171;0;0;1;0.0;3;0.0;101823886@N05;rd;;4e0d1954e2;700;Cygnus columbianus;b'';b'Cygne de Bewick';https://farm1.staticflickr.com/700/22991947171_4e0d1954e2_c.jpg;800;
0;0;2015-07-09 14:51:42;0;0;b'';6;;;;;450;22116306310;0;0;1;0.0;1;0.0;54062801@N05;jamia54;;a9a9f33aa7;5683;Cygnus columbianus;b'cygne zoodestf\xc3\xa9licien02';b'DSC_5491 Cygne de Bewick';https://farm6.staticflickr.com/5683/22116306310_a9a9f33aa7_c.jpg;800;
0;0;2015-07-09 14:53:04;0;0;b'';1;;;;;450;21681590914;0;0;1;0.0;1;0.0;54062801@N05;jamia54;;21008a9efa;569;Cygnus columbianus;b'zoodestf\xc3\xa9licien02';b'DSC_5496 Cygne de Bewick';https://farm1.staticflickr.com/569/21681590914_21008a9efa_c.jpg;800;
15;0;2015-09-04 13:51:52;0;0;b' Parc Pairi Diaza - Hainaut - Belgique.';1;0.0;0.0;0.0;1.0;530;21404013666;0;0;1;50.585089;0;3.88637;38265586@N05;Alain G G;Zzx.96RYVLK1NWY;132fa94d45;760;Cygnus columbianus;b'animal belgique parc ciconiaciconia hainaut pairidiaza cignuscolumbianus';b'Cigognes blanches et Cygnes de Bewick';https://farm1.staticflickr.com/760/21404013666_132fa94d45_c.jpg;800;968146.0
0;0;2014-05-07 12:46:23;0;0;b'Hainaut province - Belgium';1;;;;;600;18340991375;0;0;1;0.0;0;0.0;104988466@N08;notjes1966;;9d5d3907e1;487;Cygnus columbianus;b'';b'19. Cygne de Bewick - Cygnus columbianus - Tundra Swan';https://farm1.staticflickr.com/487/18340991375_9d5d3907e1_c.jpg;800;
0;0;2014-05-07 12:46:43;0;0;b'Hainaut province - Belgium';1;;;;;600;18154768579;0;0;1;0.0;0;0.0;104988466@N08;notjes1966;;9c885ed123;287;Cygnus columbianus;b'';b'20. Cygne de Bewick - Cygnus columbianus - Tundra Swan';https://farm1.staticflickr.com/287/18154768579_9c885ed123_c.jpg;800;
14;0;2012-03-07 12:32:53;0;0;"b""My only sighting of Tundra Swans for this Spring was 2 weeks ago when about 20 birds flew over our neighbourhood.  Three years ago we had an exceptional (but brief) visit to our waterfront park by a flock of about 400 birds. Needless to say, I couldn't fit them all into the frame, but by my count there are 161 of them in this shot.""";8;0.0;0.0;0.0;1.0;534;17063386266;0;0;1;43.406419;0;-79.691348;26679916@N03;rdroniuk;V4H8RMxVU7gJ;21d2be5bb7;7632;Cygnus columbianus;b'birds swan swans waterfowl cygnes waterbirds oiseaux tundraswan cygnuscolumbianus oiseauxdeau cygnedebewick swansinoakville';b'Northbound pitstop';https://farm8.staticflickr.com/7632/17063386266_21d2be5bb7_c.jpg;800;4122.0
0;0;2011-03-24 12:19:37;0;0;b'CYGNES DE BEWICK';9;;;;;533;16826275095;0;0;1;0.0;0;0.0;128534100@N06;62natisques;;a727243db4;8632;Cygnus columbianus;b'';b'24032011-_MG_6534';https://farm9.staticflickr.com/8632/16826275095_a727243db4_c.jpg;800;
0;0;2014-12-26 11:23:34;0;0;b'';8;;;;;529;16123068835;0;0;1;0.0;0;0.0;121021311@N02;David Jonathan Roux;;2c7c6120c8;7486;Cygnus columbianus;b'';"b""Cygne de Bewick (Cygnus columbianus bewickii) Bewick's swan""";https://farm8.staticflickr.com/7486/16123068835_2c7c6120c8_c.jpg;800;
0;0;2014-12-26 12:09:10;0;0;b'';9;;;;;501;16097136916;0;0;1;0.0;0;0.0;121021311@N02;David Jonathan Roux;;08d2a73876;8601;Cygnus columbianus;b'';"b""Cygne de Bewick (Cygnus columbianus bewickii) Bewick's swan""";https://farm9.staticflickr.com/8601/16097136916_08d2a73876_c.jpg;800;
0;0;2014-12-26 12:10:56;0;0;b'';8;;;;;529;15503228673;0;0;1;0.0;0;0.0;121021311@N02;David Jonathan Roux;;94079816ee;7497;Cygnus columbianus;b'';"b""Cygne tubercul\xc3\xa9 (Cygnus olor) Mute swan / Cygne de Bewick (Cygnus columbianus bewickii) Bewick's swan""";https://farm8.staticflickr.com/7497/15503228673_94079816ee_c.jpg;800;
0;0;2014-12-26 15:41:51;0;0;b'';8;;;;;800;16121933162;0;0;1;0.0;0;0.0;121021311@N02;David Jonathan Roux;;c5d2d98d5b;7566;Cygnus columbianus;b'';"b""Cygne de Bewick (Cygnus columbianus bewickii) Bewick's swan / Fuligule morillon (Aythya fuligula) Tufted duck / Fuligule milouin (Aythya ferina) Pochard / Foulque macroule (Fulica atra) Coot / Oie cendr\xc3\xa9e (Anser anser) Greylag goose""";https://farm8.staticflickr.com/7566/16121933162_c5d2d98d5b_c.jpg;577;
11;0;2014-06-22 14:13:03;0;0;b'';4;0.0;0.0;0.0;1.0;534;14489807365;0;0;1;48.6565;0;-72.45551999999998;52845624@N04;Jessica Boulianne;iOWJEdxQVrIb;23ea124859;3890;Cygnus columbianus;b'zoo qu\xc3\xa9bec cygne faune tundraswan stf\xc3\xa9licien cygnuscolumbianusbewickii cygnedebewick zoosauvagedestf\xc3\xa9licien';b'Cygne de Bewick';https://farm4.staticflickr.com/3890/14489807365_23ea124859_c.jpg;800;1483.0
0;0;2014-04-17 20:06:47;0;0;b'Gouda - The Netherlands';4;;;;;600;14403389524;0;0;1;0.0;0;0.0;104988466@N08;notjes1966;;a0dd8abe18;3926;Cygnus columbianus;b'';b'16. Cygne de Bewick - Cygnus columbianus - Tundra Swan';https://farm4.staticflickr.com/3926/14403389524_a0dd8abe18_c.jpg;800;
0;0;2011-05-25 12:18:23;0;0;b'';6;;;;;600;13998021298;0;0;1;0.0;0;0.0;109561487@N08;sirelagarde;;b5020c75f2;5575;Cygnus columbianus;b'';b'Cygne de Bewick';https://farm6.staticflickr.com/5575/13998021298_b5020c75f2_c.jpg;800;
0;0;2011-05-25 12:18:43;0;0;b'';8;;;;;600;14182053072;0;0;1;0.0;0;0.0;109561487@N08;sirelagarde;;e5d8ec4d1a;7381;Cygnus columbianus;b'';b'Cygne de Bewick';https://farm8.staticflickr.com/7381/14182053072_e5d8ec4d1a_c.jpg;800;
0;0;2013-10-31 16:08:58;0;0;b'';6;;;;;534;13956191381;0;0;1;0.0;0;0.0;123687001@N07;kangoo1990;;3a3accdef3;5175;Cygnus columbianus;b'';b'Cygne de Bewick';https://farm6.staticflickr.com/5175/13956191381_3a3accdef3_c.jpg;800;
0;0;2013-11-10 14:58:49;0;0;b'';8;;;;;536;13946848255;0;0;1;0.0;0;0.0;55612175@N04;Serge DEFAYS;;f5908c364b;7047;Cygnus columbianus;b'birds oiseaux';b'Cygne de B\xc3\xa9wick';https://farm8.staticflickr.com/7047/13946848255_f5908c364b_c.jpg;800;
0;0;2011-05-15 15:12:21;0;0;b'Hainaut province - Belgium';8;;;;;534;13711027764;0;0;1;0.0;0;0.0;104988466@N08;notjes1966;;c04403c7f7;7012;Cygnus columbianus;b'';b'01. Cygne de Bewick - Cygnus columbianus - Tundra Swan';https://farm8.staticflickr.com/7012/13711027764_c04403c7f7_c.jpg;800;
0;0;2011-06-04 13:22:10;0;0;b'Hanover - Germany';3;;;;;534;13710653353;0;0;1;0.0;0;0.0;104988466@N08;notjes1966;;73ba4f440a;2887;Cygnus columbianus;b'';b'03. Cygne de Bewick - Cygnus columbianus - Tundra Swan';https://farm3.staticflickr.com/2887/13710653353_73ba4f440a_c.jpg;800;
0;0;2012-10-11 12:05:47;0;0;b'Hainaut province - Belgium';8;;;;;534;13710610345;0;0;1;0.0;0;0.0;104988466@N08;notjes1966;;efe8fa2002;7156;Cygnus columbianus;b'';b'07. Cygne de Bewick - Cygnus columbianus - Tundra Swan';https://farm8.staticflickr.com/7156/13710610345_efe8fa2002_c.jpg;800;
0;0;2013-05-07 14:12:58;0;0;b'Gouda - The Netherlands';4;;;;;600;13710592045;0;0;1;0.0;0;0.0;104988466@N08;notjes1966;;13ba71ae62;3802;Cygnus columbianus;b'';b'10. Cygne de Bewick - Cygnus columbianus - Tundra Swan';https://farm4.staticflickr.com/3802/13710592045_13ba71ae62_c.jpg;800;
14;0;2013-12-11 13:42:24;0;0;b'Cygnes de bewick et canards divers';4;0.0;0.0;0.0;1.0;380;11355411955;0;0;1;51.30725;0;3.457131;67206242@N03;Aves view;fgprO6ZWUbjs1Z8;d8d2b9c469;3708;Cygnus columbianus;b'';b'Repos sur ilot';https://farm4.staticflickr.com/3708/11355411955_d8d2b9c469_c.jpg;800;732316.0
0;0;2013-08-29 16:03:56;0;0;b'';4;;;;;800;10858067604;0;0;1;0.0;0;0.0;104961827@N08;RAVACUNEGONDE;;768f6bce16;3760;Cygnus columbianus;b'';b'Cygne de Bewick';https://farm4.staticflickr.com/3760/10858067604_768f6bce16_c.jpg;534;
0;0;2013-02-23 11:41:51;0;0;b'';9;;;;;600;8503361547;0;0;1;0.0;0;0.0;10321525@N07;Zygonyx;;b5c5e55645;8098;Cygnus columbianus;b'panasonic marquenterre baiedesomme silkypix dmcfz200';b'Cygnes de Bewick 3/5';https://farm9.staticflickr.com/8098/8503361547_b5c5e55645_c.jpg;800;
0;0;2012-02-28 12:54:08;0;0;"b'<a href=""http://www.brunodorotaphotography.com/"" rel=""nofollow"">www.brunodorotaphotography.com/</a>\n\n28 February 2012 : Lac du Der (France) : Bewick\xe2\x80\x99s Swans are wintering every year in the Lake du Der. They are coming after a long trip from the arctics shores of Russia and Siberia !\n\n28 F\xc3\xa9vrier 2012 : Lac du Der (France) : les Cygnes de Bewick hivernent r\xc3\xa9guli\xc3\xa8rement au Lac du Der, apr\xc3\xa8s un long voyage depuis les terres arctiques de Russie, le long des c\xc3\xb4tes de Sib\xc3\xa9rie !\n'";8;;;;;800;8074850156;0;0;1;0.0;0;0.0;52947126@N02;Bruno & Dorota;;34bc91f2e8;7246;Cygnus columbianus;b'thegalaxy';"b""Bewick's Swan (Cygnus columbianus bewickii) - Cygnes de Bewick""";https://farm8.staticflickr.com/7246/8074850156_34bc91f2e8_c.jpg;800;
10;0;2011-02-21 13:04:24;0;0;"b""Ce cygne est une variante de la race nord am\xc3\xa9ricaine Columbianus . \nHiverne dans l' ouest de l' Europe .\nC'est un h\xc3\xb4te rare .""";9;0.0;0.0;0.0;1.0;534;7836808400;0;0;1;37.134045;0;-6.094665;74790468@N08;PACHA23;YkWJvS9WVbodnUs;c487d54ffc;8440;Cygnus columbianus;b'bird fauna wildlife aves naturereserve schwan cygne vogel oiseaux muteswan faune parquenatural parcnaturel southofspain oiseaudeau reservesnaturelles me2youphotographylevel1';b'Cygne de Bewick .  Cygnus colombianus .';https://farm9.staticflickr.com/8440/7836808400_c487d54ffc_c.jpg;800;770381.0
0;0;2018-12-13 15:07:41;0;0;b'Etang de la Horre, Marne';5;;;;;533;46312024101;0;0;1;0.0;0;0.0;158099503@N02;daniel5451;;a076fca5da;4875;Cygnus columbianus;b'bewick oiseaux faune';b'Cygne de Bewick';https://farm5.staticflickr.com/4875/46312024101_a076fca5da_c.jpg;800;
0;0;2011-05-15 15:14:51;0;0;b'Hainaut province - Belgium';4;;;;;534;13710644555;0;0;1;0.0;0;0.0;104988466@N08;notjes1966;;2a05409b50;3815;Cygnus columbianus;b'';b'02. Cygne de Bewick - Cygnus columbianus - Tundra Swan';https://farm4.staticflickr.com/3815/13710644555_2a05409b50_c.jpg;800;
